"id","title","slug","description","image","upload_dt","album_id","owner_id","modify_date"
1,웨딩유,IU_white-dress,내용입니다.,insta/2022/03/o_1frllafoj15m51h3si2gh7mqfjb_uUn1ORO.jpg,"2022-03-25 05:40:19.827191",1,1,
2,밤하늘,IU_nemo,"",insta/2022/03/image_readtop_2021_330747_16177500644599916_9EVf39n.jpg,"2022-03-25 05:42:09.434260",1,1,
3,대천사 미카엘,DnF_mkl,신던전 신규몹,insta/2022/03/대천사_미카엘_IrCMc5V.jpg,"2022-03-27 12:30:07.936134",2,1,
4,증명사진,IU_self,정면샷,insta/2022/03/104953245.2_wBBs9Wb.jpg,"2022-03-27 12:30:56.130030",1,1,
5,베리콜리스,DnF_BRC,내용 옮겨보자.,insta/2022/03/베리콜리스_q0ZTdY0.png,"2022-03-27 12:33:16.099410",2,1,
6,빛의 괴수 피톤,DnF_PT,피톤,insta/2022/03/빛의_괴수_피톤_tSlGtcM.jpg,"2022-03-27 12:33:16.172322",2,1,
7,보라유,IU_bora,보라색입니다.,insta/2022/03/509780_713179_537_wAlqMeQ.jpg,"2022-03-27 12:35:11.843129",1,1,
8,체크자켓,IU_check,체크구찌,insta/2022/03/433358_437062_752_JXZoS0S.png,"2022-03-27 12:35:11.922985",1,1,
9,"720S_01",MRL_01,오렌지,insta/2022/03/1280px-2018_McLaren_720S_V8_S-A_4.0.jpg,"2022-03-27 13:11:46.249383",3,1,
10,"720S_White",MRL_02,흰색,insta/2022/03/New-2022-McLaren-720S-Spider-Luxury.jpg,"2022-03-27 13:12:32.459277",3,1,
11,보라색,MRL_03,퍼플,insta/2022/03/mclaren-720s-11.jpg,"2022-03-27 13:15:12.047959",3,1,
12,블랙,MRL_04,검정색,insta/2022/03/New-2020-McLaren-720S-Spider-Luxury_1.jpg,"2022-03-27 13:15:12.126823",3,1,
13,"765LT",MRL_05,영롱,insta/2022/03/mclaren-765lt-c257817052021185955_1_1.jpg,"2022-03-27 13:15:12.216599",3,1,
14,블랙유,IU_black,블랙블랙,insta/2022/03/아이유_001.jpg,"2022-03-28 14:25:32.749633",1,1,
15,셀카유,IU_selfcamera,셀카 정면,insta/2022/03/아이유_002.jpg,"2022-03-28 14:25:32.818081",1,1,
16,흑백유,IU_blacknwhite,블랙앤화이트,insta/2022/03/아이유_003.jpg,"2022-03-28 14:25:32.897441",1,1,
17,시상식인가,IU_www,화이트 드레스,insta/2022/03/아이유_004.jpg,"2022-03-28 14:25:32.966881",1,1,
18,대두,IU_dd,턱에손,insta/2022/03/아이유_005.jpg,"2022-03-28 14:25:33.034833",1,1,
19,블랙핑크유,IU_blackpink,블랙핑크,insta/2022/03/아이유_006.jpg,"2022-03-28 14:25:33.102288",1,1,
20,블랙핑크 정면,IU_selfblack,gg,insta/2022/03/아이유_007.jpg,"2022-03-28 14:25:33.170736",1,1,
21,화이트드레스,IU_whitedrs,dress,insta/2022/03/아이유_008.jpg,"2022-03-28 14:28:05.588392",1,1,
22,화이트드레스2,IU_whitedress2,"2222222222222222222",insta/2022/03/아이유_009.jpg,"2022-03-28 14:28:05.656839",1,1,
23,꽃밭화이트,IU_whiteflow,ttttttttttttttttttttttttttttttttttt,insta/2022/03/아이유_010.jpg,"2022-03-28 14:28:05.723799",1,1,
24,슬립유,IU_sleepU,UUUUUUUUUUUUUUUUU,insta/2022/03/아이유_011.jpg,"2022-03-28 14:28:05.790759",1,1,
25,yyy,MRL_05555,"55555555555",insta/2022/03/멕라렌_10.jpg,"2022-03-28 14:33:40.390996",3,1,
26,"66666666666",MRL_06,"6666666666666666",insta/2022/03/멕라렌_09.jpg,"2022-03-28 14:33:40.465396",3,1,
27,"77777777",MRL_07,"7777777777",insta/2022/03/멕라렌_08.jpg,"2022-03-28 14:33:40.537316",3,1,
28,"88888888888",MRL_08,"8888888888",insta/2022/03/멕라렌_07.jpg,"2022-03-28 14:33:40.609732",3,1,
29,"99999999",MRL_09,"99999999999999",insta/2022/03/멕라렌_06.jpg,"2022-03-28 14:33:40.686116",3,1,
30,"10",MRL_10,"10",insta/2022/03/멕라렌_05.jpg,"2022-03-28 14:33:40.764483",3,1,
31,"11",MRL_11,"11",insta/2022/03/멕라렌_04.jpg,"2022-03-28 14:33:40.843843",3,1,
32,"12",MRL_12,"12",insta/2022/03/멕라렌_03.jpg,"2022-03-28 14:33:40.923203",3,1,
33,"13",MRL_13,"13",insta/2022/03/멕라렌_02.jpg,"2022-03-28 14:33:40.996611",3,1,
34,"14",MRL_14,"14",insta/2022/03/멕라렌_01.jpg,"2022-03-28 14:33:41.072499",3,1,
